x,y,group
9192,4282,1
7134,3309,1
6736,10614,2
7306,7982,1
6028,3780,1
3740,6039,1
4501,5446,1
6304,3782,1
8779,4279,1
8125,8947,1
10356,5129,1
4371,4486,1
3860,8436,1
2710,5672,1
4963,8205,1
7200,3669,1
10498,4651,1
5404,4374,1
7128,4027,1
9053,4521,1
5376,8208,1
5465,5453,1
3402,5198,2
6884,9177,1
3555,3043,1
7262,4508,1
8857,2962,1
3956,4723,1
7437,8942,1
5952,4857,1
4418,7482,1
3396,5917,2
4548,8441,2
5033,8086,1
11087,8849,1
4020,5323,1
10358,4890,1
3192,5556,2
6856,3546,1
3788,8795,2
3720,8675,1
9201,3084,1
4756,8323,1
7226,9539,2
3274,3760,2
7025,8699,1
3625,2924,1
7027,8460,2
4496,6165,1
5254,6050,1
3276,3520,1
7281,11337,2
3063,4357,2
3888,4603,1
6651,3425,1
8232,3796,1
7052,5105,1
3531,6397,2
6964,7620,1
5244,7488,1
7888,3674,1
3689,3523,1
10288,5009,1
7923,8346,1
3137,3759,1
3520,7835,1
3065,4118,2
7158,9419,2
6000,7613,1
7196,4148,2
6374,3663,1
10947,9087,1
4754,8563,1
4770,6406,1
3928,8557,1
3280,3041,2
5660,7012,1
7543,3791,1
7744,4631,2
3051,6034,1
4578,4368,1
8122,9426,1
3339,4359,2
7268,3789,1
3611,4840,2
6443,3543,1
7402,4269,1
9473,3565,2
9950,4168,1
2790,4115,1
3405,4719,1
4273,8439,2
2778,5793,1
8237,3077,1
7538,4510,1
4923,4251,2
6279,7136,1
6977,5943,1
8758,7154,2
3651,8794,2
4618,8322,2
3457,6996,1
4301,4606,2
3539,5199,1
5875,5935,1
4015,6041,1
7125,4507,1
9474,3326,1
5129,4372,2
8338,8110,1
9392,5122,1
6501,5101,1
3205,3879,1
3581,8914,2
6293,5219,1
4203,8559,2
3747,5081,1
6780,4624,1
5763,11805,1
9335,3564,1
5268,4134,2
7219,10498,1
10703,4772,1
9065,2844,1
3623,3163,1
7154,9898,1
5335,4494,1
2928,4116,1
7161,8940,1
3792,8316,1
5324,5931,1
3757,3643,2
6506,4382,1
4775,5688,1
3951,5442,1
7820,3553,1
4071,7839,1
5816,4617,1
5544,4136,2
7309,7503,1
3459,6756,1
4646,4488,1
5396,5572,1
4094,4724,2
6274,7855,1
5584,8090,1
3524,7356,1
3409,4240,1
4409,8680,1
3262,5437,2
8847,4399,1
3266,4958,1
6149,6177,1
7170,7742,2
6991,4026,1
4826,8204,1
6891,8219,2
4627,7124,1
7083,10257,1
6511,3664,1
3627,2684,1
7088,9538,2
3461,6517,1
7015,10137,1
3681,4721,1
3407,4479,1
7339,3430,1
7349,11457,2
2793,3636,2
11012,9687,1
4961,8444,2
6663,11212,1
5171,8087,2
5586,7850,1
6760,7260,1
5999,7853,1
7032,7741,1
10355,5369,1
2913,6033,1
3620,3642,1
2931,3637,2
7149,10617,1
5880,5216,1
6712,4504,1
5120,5570,1
3128,4957,2
4711,5088,1
9128,3683,1
8788,3081,1
2992,4716,2
4716,4369,1
3269,4478,1
3666,6638,1
6757,7739,2
2785,4834,1
7257,5226,1
8713,3919,1
5746,4736,1
6926,3427,1
3138,3519,1
4430,5805,1
10086,4409,1
5397,5333,1
6234,3901,1
6079,6296,1
6302,4021,1
2917,5554,1
8572,4397,1
6300,4261,1
7604,4870,1
8099,3076,1
7887,3913,1
3482,3641,1
9135,2724,1
3553,3282,1
3067,3878,1
6157,4979,1
5333,4733,1
8650,3080,1
7261,4747,1
7379,7384,2
3902,2686,2
8781,4040,1
7037,7022,1
3621,3403,1
6138,7614,1
4569,5566,2
6809,10015,1
6923,3906,1
7337,3670,1
4688,8203,1
4439,4607,1
5237,8446,1
2788,4355,2
6623,7259,1
7611,3911,1
8709,4398,1
3597,6757,1
5676,4855,1
6007,6655,1
3684,4242,2
7773,10022,1
9260,4402,1
5612,4256,2
4632,6405,1
6825,7859,2
4435,5086,1
2786,4595,1
8976,5598,1
7240,7622,1
5267,4373,1
4500,5685,1
5131,4133,1
7036,7262,1
4224,5683,1
5814,4856,1
6481,7737,1
4343,8320,1
8164,3676,1
3201,4358,1
7473,3910,1
5750,4257,1
6689,7618,2
3470,5319,2
5683,3897,2
8995,2963,1
7547,3312,1
6853,4025,1
7719,7985,1
7191,4867,1
4508,4487,1
3412,3761,1
9609,3806,1
3972,2567,2
3271,4239,1
5594,6652,1
5882,4977,1
7881,4632,1
4158,5324,1
7152,10138,1
3877,6040,2
11083,9328,1
8974,5838,1
3559,2564,1
7953,4273,1
3480,3881,1
5336,4254,2
6957,8579,2
7269,3549,1
8789,2842,1
3513,8793,2
7302,8462,1
8162,3915,1
4299,4845,1
2861,3757,1
6600,10373,1
4156,5563,1
3856,8916,1
6224,5339,1
3349,2922,2
2990,4956,2
7684,3313,1
3410,4000,1
4576,4608,1
3933,7838,2
3682,4481,2
6996,3308,1
7227,9300,2
3511,9033,2
6508,4143,1
4221,6163,1
7030,7980,2
4915,5449,1
6537,9534,1
6576,4263,1
3208,3400,2
6027,4019,1
5833,11686,1
7377,7623,1
9133,2964,1
4922,4491,2
3445,8673,1
7679,4031,1
4975,6528,1
7608,4390,1
6745,9416,2
6886,8938,2
2922,4835,2
8720,2961,1
3668,6398,2
5523,7011,1
6970,6902,1
3222,10948,1
3830,3045,2
8024,3914,1
7540,4270,1
3724,8196,1
6602,10134,1
9203,2845,2
7132,3548,1
6895,7740,2
10682,7648,1
4433,5326,1
2929,3877,1
5889,4018,2
7330,4628,1
6807,10255,1
4344,8080,1
6952,9298,2
5256,5811,1
2711,5433,1
6719,3545,2
8577,3679,1
7241,7383,1
2933,3398,2
4088,5443,2
3538,5439,2
10154,4529,1
4064,8797,2
6004,7134,1
5199,4253,1
6830,7140,1
5812,5096,1
5251,6530,1
5608,4735,1
6163,4260,1
3130,4717,1
6816,9057,1
7311,7264,1
8645,3799,1
3886,4842,2
8646,3559,1
6581,3544,2
3748,4841,2
6774,5343,1
6483,7497,2
9539,3925,1
4285,6762,1
4852,4610,2
3133,4238,1
3550,3762,1
7609,4151,2
3670,6159,1
3342,3880,2
6096,3900,1
4092,4964,1
2722,3995,1
3686,4002,1
6987,4506,1
6553,7378,1
9645,8239,1
10318,10401,1
5462,5932,1
4067,8318,1
9677,3926,1
3609,5080,1
5457,6651,1
9051,4760,1
6963,7860,1
2729,3037,1
5049,5929,1
7754,3193,1
8230,4036,1
8228,4275,1
7451,7025,1
7299,8941,1
3863,7957,1
6955,8818,2
4784,4490,1
7059,4147,1
4479,8561,2
2915,5794,1
4271,8679,1
6778,4864,2
3618,3882,1
7086,9778,2
8273,7510,1
3865,7718,1
7372,8342,2
3124,5436,2
6164,4020,1
7677,4271,2
3806,6399,2
6093,4379,1
3140,3279,2
6966,7381,1
9058,3802,1
8915,4520,1
3583,8674,1
4480,8321,2
4230,4965,1
3443,8913,2
3745,5321,2
7202,3429,1
6210,7255,1
4918,4970,1
9471,3805,1
7515,7624,1
6569,5221,1
5054,5210,1
2853,4955,2
7060,3907,1
5803,6294,1
6023,4499,1
5263,4852,1
6851,4265,2
6649,3665,1
4416,7722,1
6225,5099,1
7233,8581,2
3416,3281,1
4644,4728,1
8686,7513,1
7100,7861,1
4360,5924,1
4148,6761,1
4845,5568,1
4231,4725,1
7398,4748,1
6344,7736,1
6156,5218,1
3736,6519,1
5474,4255,1
2919,5314,1
6879,9896,2
2996,4237,1
3693,3044,1
6806,10495,1
3484,3402,1
6919,4385,1
10290,4769,1
8436,4157,1
7102,7621,1
3884,5082,1
4437,4846,1
5861,7852,1
3334,5078,2
6787,3666,1
3419,2802,2
2724,3756,2
3489,2683,1
5178,7128,1
4911,5928,2
5669,5814,1
4135,8438,1
9678,3687,1
3741,5800,1
5476,4015,1
7419,11338,1
4991,4371,1
4843,5808,1
3273,3999,2
4507,4727,1
9271,2965,2
6685,8098,2
5542,4375,1
2860,3996,1
6821,8338,2
3344,3640,1
9249,5840,1
3679,4961,1
3335,4838,1
7513,7864,1
3398,5677,2
6229,4620,1
4712,4848,1
8094,3795,1
4134,8678,2
4780,4969,1
7951,4513,1
4294,5564,1
3794,8076,1
5603,5454,1
3131,4477,2
3391,6636,2
5682,4137,1
11088,8609,1
5591,7131,1
3719,8915,2
3145,2561,1
9781,8480,2
3672,5919,1
3381,8073,1
2797,3157,2
8852,3681,1
3069,3638,2
4411,8440,1
7023,8939,1
5469,4974,1
6896,7500,2
6759,7499,1
5607,4975,1
4777,5448,1
6161,4500,1
3750,4602,2
6905,6302,1
7557,11339,1
3616,4122,1
3213,2681,1
7172,7502,1
3351,2682,2
5315,7129,1
6021,4738,1
5819,4138,1
3060,4836,1
7193,4627,1
6954,9058,2
3600,6278,1
9807,4886,1
4296,5325,1
3337,4599,2
9124,4162,1
5464,5693,1
3198,4837,1
2783,5074,1
10018,4288,1
2847,5673,1
4840,6287,1
7091,9059,1
3763,2925,2
5308,8088,1
8997,2723,1
5192,5211,1
3332,5318,1
3743,5560,1
8437,3917,2
7301,8701,1
10222,4649,1
3072,3159,2
3144,2800,2
2858,4236,1
6365,4860,1
3552,3522,1
3858,8676,2
8716,3440,1
6345,7496,2
6873,10615,1
4906,6647,1
6413,7616,1
6753,8218,1
4026,4604,2
3477,4360,1
5526,6532,1
9541,3686,1
2865,3277,2
2849,5434,2
6948,9777,1
2983,5914,2
3196,5077,1
3142,3040,2
2776,6032,1
6813,9536,2
6276,7615,2
3199,4598,2
6701,5941,1
8838,5597,1
3278,3280,1
7477,3431,1
7400,4509,2
4024,4843,2
3696,2565,1
3003,3278,2
5751,4017,1
6415,7377,2
3487,2923,1
6959,8339,2
3341,4120,2
5239,8207,2
5197,4493,1
9882,4048,1
5885,4498,1
5863,7612,2
8925,3082,1
5695,11685,1
4292,5804,1
8927,2843,1
3598,6518,1
5614,4016,1
5188,5691,1
6638,5102,2
6495,5820,1
5959,3899,1
3813,5441,1
6513,3424,1
5406,4135,2
7508,8583,1
7449,7265,1
8157,4634,1
3546,4241,1
9063,3083,1
5056,4971,1
3761,3164,2
7236,8102,1
4201,8798,1
4505,4967,1
6924,3667,1
3602,6038,2
3548,4001,2
3876,6280,2
3818,4722,2
3126,5196,2
8369,3797,1
11017,8968,1
7156,9659,1
6961,8100,2
5821,3898,2
10281,5967,2
7925,8107,1
3595,6997,1
7224,9779,2
8092,4035,2
10405,7885,1
7998,7508,1
8711,4159,1
3468,5558,2
6542,8815,1
6617,7977,1
6989,4266,1
5723,7851,2
3478,4121,1
5653,7970,1
5403,4614,1
4066,8558,1
9005,10990,1
3726,7956,1
5392,6051,1
9060,3562,1
9476,3086,2
2926,4356,2
7304,8222,1
6206,7735,1
3649,9034,1
8582,2960,1
2713,5193,1
8512,3079,1
5045,6408,1
6367,4621,1
2935,3158,2
6231,4380,1
5450,7609,1
9328,4523,1
7022,9178,1
7097,8340,2
3264,5197,2
7163,8700,1
3543,4720,2
5891,3779,1
9814,3927,1
5124,5091,1
3809,5920,1
6098,3660,1
4705,5807,1
5052,5450,1
6068,7734,1
3942,6640,1
9406,3205,1
5446,8089,2
2924,4596,2
3056,5315,1
11085,9088,1
6485,7257,1
6880,9657,2
7198,3908,1
7438,8702,1
6950,9537,2
6574,4503,1
4223,5923,1
4686,8442,2
6354,6298,1
6208,7495,1
6691,7379,1
4986,5090,1
2867,3038,2
3210,3160,2
7956,3794,1
7681,3792,1
3346,3401,2
7381,7144,1
3441,9152,1
6431,5220,1
4291,6043,1
6938,11214,2
4160,5084,2
3614,4361,2
2997,3997,1
2999,3758,2
6645,4144,1
5195,4732,1
7362,9780,1
3954,4963,1
3194,5317,2
6994,3547,2
3123,5675,1
6297,4740,1
4358,6164,1
6827,7619,2
4153,6042,1
8373,3318,1
6910,5583,1
3374,9032,1
4893,8324,2
8089,4514,1
6842,5463,1
4824,8443,1
4013,6281,1
6877,10136,2
3755,3883,2
4085,5922,1
6755,7978,2
5810,5336,1
9122,4401,1
3267,4718,1
2987,5435,2
3815,5201,1
4365,5205,1
6945,10256,1
4714,4609,1
7541,4030,1
5185,6170,1
7517,7385,1
6630,6300,1
7958,3554,1
8638,4757,1
4012,6521,1
6360,5579,1
3203,4119,2
7778,9304,1
7095,8580,2
9455,5961,1
3816,4962,2
8918,4041,1
7470,4389,1
5805,6054,1
6487,7018,2
2720,4235,1
4854,4370,2
5240,7967,2
2985,5674,2
3485,3162,1
9499,9436,2
4702,6286,1
4276,7960,1
7799,6428,1
6579,3784,1
8920,3801,1
9269,3204,1
6577,4023,2
4017,5802,1
5467,5213,1
7993,8227,2
10741,8966,2
4278,7721,2
9912,9439,1
6992,3787,1
2846,5913,1
9131,3203,1
5673,5335,1
7234,8341,1
7120,5225,1
5061,4252,1
3729,7477,2
5261,5092,1
3691,3283,1
5753,3778,2
2856,4475,1
4707,5567,2
10944,9566,1
3004,3039,2
8165,3436,1
7749,3912,1
3832,2805,2
3473,4839,2
3062,4597,2
9405,3445,1
5939,6535,1
7064,3428,1
7159,9179,2
6675,9535,1
5516,7969,2
4348,7601,1
3348,3161,2
5059,4492,2
9881,4287,1
7271,3310,1
3613,4601,2
3557,2803,2
7329,4868,1
9339,3085,1
3695,2804,1
7020,9418,1
3421,2563,1
3417,3042,2
9745,4047,1
6440,4022,1
9204,2605,2
5655,7731,1
6882,9417,2
3829,3284,2
5108,7247,1
5887,4258,1
3403,4959,2
3206,3639,2
7409,3311,1
3688,3763,1
9544,3206,2
4571,5327,1
3414,3521,2
6941,10735,1
8160,4155,2
7351,11217,1
3283,2562,1
6788,3426,2
3058,5076,2
3811,5680,1
2868,2798,1
2779,5553,2
6499,5341,1
6166,3781,1
9746,3807,1
6647,3904,2
6372,3902,1
3940,6879,1
5190,5451,2
6889,8459,2
5664,6533,1
8026,3675,1
6572,4742,2
6306,3542,1
6502,4862,1
6442,3783,1
3675,5440,2
9337,3325,1
5735,6174,1
3135,3998,2
7468,4629,1
6292,5459,1
5193,4972,1
4364,5445,1
6673,9775,1
3804,6639,1
4829,7725,1
7093,8819,1
3212,2921,2
4493,6644,1
10424,5250,1
7705,9902,1
7794,7147,1
3926,8796,2
4087,5682,1
11015,9208,1
4040,2687,2
7885,4153,1
6417,7137,1
7435,9181,1
3759,3404,2
2994,4476,1
8859,2722,1
3518,8074,1
7098,8101,1
6088,5098,1
3734,6758,1
7369,8821,1
5809,5575,2
6741,9895,1
9542,3446,2
4369,4726,2
7011,10616,2
8643,4039,1
4916,5209,1
3541,4960,2
5058,4731,1
5514,8209,1
5122,5331,1
4162,4844,2
6236,3661,1
8908,5478,1
5031,8325,2
2988,5195,2
4019,5562,2
9330,4283,1
6640,4863,1
6628,6540,1
4090,5203,1
4341,8560,1
6270,8334,1
4163,4605,1
5260,5332,1
4895,8084,2
7817,4032,1
3590,7716,2
7775,9783,1
4616,8562,2
6814,9297,2
3989,9635,2
5578,8808,1
3502,10231,2
4189,10475,1
6396,10012,2
6471,9174,2
4547,8681,2
6549,7857,2
4818,9162,1
5226,9884,2
4815,9641,2
4257,10596,1
6256,10251,2
3433,10350,1
3647,9273,2
5634,10606,2
6323,10611,2
5509,8928,1
3149,11546,1
6398,9773,2
5366,9645,2
4259,10356,2
5092,9404,1
4123,10116,2
4470,9759,2
5983,10009,2
5219,10842,2
5303,8806,2
5221,10603,1
5854,8810,2
6607,9415,2
4944,10840,2
3295,10349,1
4543,9160,2
4878,10480,1
3293,10589,2
3778,10233,1
4111,11793,1
4817,9402,2
3781,9754,1
3846,10353,2
4339,8799,2
5373,8687,1
3300,9630,1
6609,9175,2
4527,11317,1
6060,8932,2
4676,9880,1
5082,10841,1
3288,11307,1
6399,9533,2
5437,9287,1
3440,9392,2
3713,9633,1
5364,9885,1
3708,10352,2
5017,10242,2
3577,9393,2
5913,10129,2
3769,11431,1
6818,8817,1
6473,8935,2
3436,9871,2
3565,11070,1
4874,10960,1
5709,9768,1
6044,11088,2
3848,10114,1
6535,9774,2
4191,10236,1
5503,9646,2
3844,10593,1
4674,10120,1
4738,10719,1
3356,11428,1
3574,9872,1
3562,11549,1
4958,8924,2
5775,10128,2
5014,10721,2
5022,9523,2
3424,11548,1
4334,9518,2
4060,9276,2
4463,10717,2
6677,9296,2
3994,8917,2
6670,10254,2
4466,10238,1
6053,9890,2
4670,10599,1
5235,8686,2
4187,10715,2
6469,9414,2
4951,9882,2
4613,9041,2
3358,11188,2
6054,9650,2
6249,11209,2
3851,9634,1
5580,8569,1
6333,9173,1
5427,10724,2
4947,10361,1
5770,10846,2
5087,10123,2
6532,10253,2
3292,10828,1
5981,10249,2
4472,9519,2
6262,9532,2
5083,10602,1
4684,8682,1
4751,9042,1
4602,10478,2
6067,7973,2
3359,10949,1
6272,8095,2
4198,9277,1
3434,10111,1
6457,11091,2
3987,9875,2
5697,11445,2
3642,9992,1
6595,11092,2
5929,7972,2
4261,10117,1
5500,10126,2
3429,10829,2
4752,8802,2
5638,10127,1
3438,9631,2
3916,10234,1
4813,9881,1
4329,10237,1
3567,10830,2
3501,10470,2
5228,9644,1
6823,8099,1
4395,10597,1
6319,11090,2
5094,9164,1
4820,8923,2
5927,8212,2
4749,9281,1
6467,9653,2
6321,10850,2
5439,9047,1
3706,10592,2
4053,10235,1
5296,9765,2
4194,9757,1
5371,8927,1
3776,10472,1
5233,8926,1
4182,11434,2
5162,9285,1
5908,10847,2
6187,10370,2
6197,8933,2
6131,8573,2
5990,9051,2
3982,10594,1
3855,9155,2
5646,8929,1
5078,11321,1
3841,11072,2
3907,11432,1
3773,10952,1
6046,10848,2
4810,10360,1
6253,10730,1
5577,9048,1
3914,10473,2
4114,11314,2
4808,10600,1
5993,8572,2
4184,11194,1
5496,10605,2
6267,8813,2
5441,8807,2
4804,11079,2
5165,8805,1
6743,9656,2
3909,11192,1
5421,11443,1
4601,10718,1
5434,9766,2
7212,11456,2
5368,9406,1
4332,9758,1
4459,11196,1
4386,11795,1
4669,10838,1
6544,8576,1
4475,9040,2
5786,8690,2
3631,11430,1
4048,10954,1
5575,9288,2
4545,8921,2
3637,10711,2
4960,8684,1
5782,9169,1
3368,9751,1
6258,10011,2
4330,9997,1
3569,10591,1
5287,10963,1
4533,10598,1
4477,8800,1
6893,7979,2
4942,11080,1
6181,11089,2
5915,9889,2
3703,11071,2
5974,11207,2
6124,9531,2
6063,8452,2
4046,11193,1
3220,11187,1
3638,10471,1
4193,9996,1
4055,9995,1
4665,11318,1
4681,9161,2
3363,10469,2
5429,10485,2
3508,9512,2
4876,10720,1
3218,11427,1
6192,9651,2
3431,10590,2
5767,11326,2
4336,9278,2
6406,8575,2
5641,9647,1
6255,10491,2
5986,9530,2
5789,8211,2
4186,10955,1
6047,10609,2
3290,11068,1
3497,10950,2
5375,8447,2
4740,10479,1
4599,10958,1
6115,10729,1
6203,8214,2
4398,10118,1
4200,9038,2
6464,10133,2
4606,9999,1
5566,10486,2
5021,9763,1
5838,10967,2
5774,10367,2
5507,9167,1
5089,9883,1
5167,8566,2
5436,9526,2
3499,10710,1
3980,10833,1
4407,8920,2
5631,11085,2
3426,11308,1
5294,10004,1
4806,10839,2
5430,10245,2
3286,11547,1
4318,11674,1
6121,10010,2
4872,11199,1
3506,9752,1
4538,9879,1
4473,9279,1
3919,9755,1
5425,10964,2
7213,11216,2
4128,9397,1
4254,11075,2
5432,10005,2
6678,9056,2
6340,8215,2
4667,11078,2
4604,10239,1
6476,8455,2
6541,9055,1
3984,10354,1
5850,9290,1
5632,10845,2
6684,8337,2
4119,10595,1
3710,10113,1
4946,10601,1
4116,11074,1
3924,9036,2
6126,9292,1
5924,8691,2
5015,10481,1
6603,9894,2
5707,10007,1
4057,9756,2
6204,7974,2
4677,9640,2
4130,9157,1
6680,8816,1
5158,9764,2
6478,8216,2
6129,8812,2
3771,11191,1
4062,9037,2
3774,10712,2
5010,11200,1
6403,9054,1
6190,9891,2
4803,11319,1
3372,9271,1
5359,10604,2
6610,8936,2
5423,11203,2
4742,10240,1
4262,9877,1
5978,10728,2
5768,11086,1
4268,9158,2
5498,10365,2
4811,10121,2
4736,10959,1
5650,8449,2
5988,9291,2
3224,10708,1
5791,7971,2
6527,10972,2
5702,10726,2
5157,10003,2
4892,8564,2
4400,9878,1
3910,10953,2
6534,10013,2
4954,9403,2
3645,9513,2
5765,11565,1
4536,10119,1
4051,10474,1
5772,10607,2
4121,10355,2
3370,9511,1
5561,11204,2
5369,9166,1
5080,11081,2
5922,8931,1
3579,9153,2
3367,9990,2
3977,11313,1
5512,8448,2
3787,9035,2
4744,10000,2
5493,11084,1
4043,11672,1
3365,10230,1
4953,9642,1
6408,8335,2
4609,9520,1
5648,8689,1
4956,9163,2
4540,9639,1
6196,9172,2
6065,8213,2
5568,10246,2
4327,10476,2
5716,8809,2
5096,8925,2
6671,10014,2
5972,11447,2
6459,10851,2
4886,9282,2
6394,10252,2
4264,9637,1
5835,11446,2
6539,9295,2
4940,11320,2
3644,9753,1
3705,10831,2
7694,11340,2
5627,11564,1
5925,8451,2
4126,9636,1
5625,11804,2
4747,9521,2
5840,10727,2
5293,10244,2
5085,10362,1
5026,9044,2
4881,10001,1
5779,9648,2
5706,10247,2
5090,9643,1
4879,10241,2
3991,9396,1
6331,9413,2
5652,8210,2
3992,9156,2
5976,10968,2
5788,8450,2
6133,8333,2
4465,10477,1
6194,9412,1
3717,9154,2
6462,10372,2
3427,11069,2
6128,9052,1
4541,9400,1
6335,8934,1
4390,11316,1
6263,9293,1
5028,8804,1
5910,10608,2
6113,10969,2
5362,10125,1
3839,11312,1
5842,10488,2
5718,8570,1
4822,8683,2
5223,10363,1
5361,10364,2
4252,11315,1
4196,9517,1
3978,11073,2
3923,9275,2
4248,11794,1
6324,10371,2
5700,10966,2
3842,10832,1
5643,9408,2
3576,9632,2
5354,11323,2
5495,10844,2
4534,10358,2
5444,8328,2
3783,9514,1
5301,9046,2
3361,10709,2
5906,11087,2
5505,9407,2
5564,10725,1
6546,8336,2
5563,10965,2
4531,10837,1
3701,11311,1
6748,8937,2
5291,10484,1
5164,9045,1
6051,10130,2
6112,11208,2
5355,11083,2
5225,10124,1
3985,10115,1
4397,10357,2
6056,9411,2
4888,9043,2
4322,11195,1
5305,8567,2
4125,9876,1
6201,8453,2
5151,10722,2
6605,9654,2
6122,9771,2
4672,10359,1
6410,8096,2
5024,9284,1
6746,9176,2
5904,11327,2
3563,11310,1
4325,10716,1
5918,9410,2
5155,10243,1
5849,9529,2
5713,9289,1
3635,10951,1
7144,11336,1
5357,10843,2
6199,8693,2
5985,9770,2
6682,8577,2
3570,10351,2
3572,10112,1
5639,9887,1
5979,10489,2
4393,10836,1
5148,11201,1
5843,10248,1
3495,11189,2
4949,10122,1
4608,9760,2
5218,11082,1
3849,9874,1
6330,9652,2
3785,9274,2
5704,10487,2
5781,9409,2
3853,9395,2
6614,8457,2
4323,10956,2
5711,9528,2
6061,8692,2
6058,9171,2
3912,10713,2
5502,9886,2
5160,9524,1
3494,11429,1
4679,9401,2
6326,10132,2
6328,9892,2
3640,10232,2
3921,9515,1
5150,10962,1
6337,8694,2
5845,10008,2
4885,9522,1
3715,9394,2
4735,11198,1
5230,9405,2
4266,9398,1
6528,10732,2
5300,9286,1
6405,8814,2
5852,9050,1
4404,9399,1
5636,10366,2
5097,8685,2
4044,11433,1
5153,10483,2
6117,10490,2
3780,9993,1
6251,10970,2
6616,8217,2
5645,9168,1
6119,10250,2
5720,8330,2
4050,10714,2
5289,10723,2
5019,10002,2
4883,9762,2
5443,8568,2
4132,8918,2
4461,10957,2
3973,11792,1
4468,9998,1
4059,9516,1
5699,11205,2
3509,9272,2
6474,8695,2
4391,11076,1
5216,11322,1
6180,11329,2
3712,9873,1
6049,10369,2
6042,11328,2
4458,11436,2
4402,9638,2
6412,7856,2
5777,9888,2
4180,11673,1
5298,9525,1
4529,11077,1
6185,10610,2
5286,11202,2
5857,8331,2
5856,8571,2
5903,11566,1
5714,9049,1
5559,11444,2
5917,9649,2
5232,9165,1
4255,10835,2
5847,9769,2
6460,10612,2
3633,11190,1
4890,8803,2
3504,9991,2
5029,8565,2
5012,10961,1
6619,7738,2
4337,9039,1
3917,9994,1
5557,11684,1
5784,8930,2
5511,8688,1
5995,8332,2
5573,9527,2
4745,9761,1
5491,11324,2
10619,6809,3
8924,3322,3
10469,8485,3
9061,3323,3
10462,9443,3
7545,3551,3
6368,4381,3
9875,5006,3
8439,3678,3
10471,8245,3
9056,4042,3
10185,9681,3
9403,3685,3
10203,7285,3
10820,7649,3
5328,5452,3
9877,4766,3
10194,8483,3
5957,4139,3
10544,7647,3
10283,5728,3
9394,4883,3
5125,4851,3
10109,10758,3
8978,5359,3
9699,10276,3
8986,4161,3
7336,3909,3
4779,5208,3
5401,4853,3
7615,3432,3
10255,9561,3
10598,9684,3
6717,3785,3
6091,4619,3
8303,3437,3
10063,7523,3
4432,5565,3
9488,10874,3
8235,3317,3
10804,9805,3
10477,7526,3
6666,10733,3
10051,9201,3
10414,6687,3
9868,5964,3
10215,5608,3
10152,4768,3
10484,6568,3
10466,8964,3
7815,4272,3
9865,6444,3
10316,10640,3
8509,3558,3
9264,3923,3
10123,8842,3
10002,6445,3
10604,8965,3
4641,5207,3
10330,8723,3
10393,9562,3
4639,5447,3
9988,8361,3
10250,10280,3
9467,4284,3
10001,6684,3
9903,10637,3
9809,4646,3
10738,9445,3
10112,10279,3
9530,5123,3
10187,9441,3
9558,10754,3
9464,4763,3
10600,9444,3
8849,4160,3
10274,6926,3
10487,6089,3
10206,6806,3
9870,5725,3
10612,7767,3
8993,3202,3
10212,6087,3
8786,3321,3
9466,4524,3
6232,4141,3
10349,6088,3
8784,3560,3
10178,10639,3
4298,5085,3
10049,9440,3
8580,3199,3
10137,6925,3
4782,4729,3
9910,9679,3
9112,5839,3
10114,10040,3
9929,7043,3
10273,7165,3
6785,3905,3
4920,4730,3
9197,3563,3
9976,10039,3
8443,3198,3
9922,8002,3
9324,5002,3
9196,3803,3
10116,9800,3
10677,8366,3
9661,6083,3
6644,4383,3
10142,6206,3
6436,4502,3
10394,9323,3
10928,11723,3
10416,6448,3
10387,10281,3
10124,8602,3
10815,8367,3
9598,5244,3
9940,5606,3
9567,9556,3
4362,5684,3
10042,10398,3
10269,7645,3
8648,3320,3
8714,3680,3
7683,3552,3
10348,6327,3
8505,4038,3
7334,4149,3
10597,9923,3
10464,9204,3
5884,4737,3
9560,10515,3
10276,6686,3
8990,3682,3
10618,7048,3
10609,8246,3
8856,3201,3
10391,9802,3
10534,9084,3
8913,4759,3
10130,7883,3
5678,4616,3
8507,3798,3
9879,4527,3
9129,3443,3
9847,8840,3
9811,4407,3
10665,10044,3
9267,3444,3
7892,3194,3
4848,5089,3
10327,9203,3
7475,3671,3
10149,5248,3
8575,3918,3
9670,4885,3
9738,5005,3
10480,7047,3
9739,4765,3
9602,4764,3
9995,7403,3
10661,10523,3
7057,4386,3
6642,4623,3
8029,3195,3
6018,5217,3
10468,8724,3
6025,4259,3
10811,8847,3
9980,9559,3
9943,5126,3
10328,8963,3
10731,10404,3
10126,8362,3
5539,4854,3
9985,8841,3
5748,4497,3
10182,10160,3
4228,5204,3
10325,9442,3
9399,4164,3
10403,8125,3
4498,5925,3
10886,8009,3
9398,4403,3
7822,3314,3
10344,6807,3
6299,4501,3
10548,7167,3
10009,5486,3
10536,8845,3
10870,10165,3
10342,7046,3
7355,10738,3
5127,4612,3
7062,3668,3
10478,7287,3
10550,6928,3
10189,9202,3
9945,4887,3
10208,6566,3
10750,7768,3
9323,5242,3
4984,5330,3
10491,5610,3
9842,9558,3
10748,8008,3
10802,10045,3
10015,4767,3
4850,4849,3
10733,10164,3
8375,3078,3
10121,9081,3
8850,3920,3
10419,5968,3
10532,9324,3
9535,4404,3
10952,8368,3
10332,8484,3
8917,4280,3
10220,4889,3
10145,5727,3
6783,4145,3
9938,5845,3
4573,5087,3
9333,3804,3
9795,6563,3
10736,9685,3
9666,5364,3
10806,9565,3
6510,3903,3
9675,4166,3
9743,4286,3
10605,8725,3
10740,9206,3
10217,5368,3
6159,4739,3
9874,5246,3
10285,5488,3
10011,5247,3
10881,8727,3
10745,8487,3
10321,9921,3
8233,3556,3
10883,8488,3
10529,9803,3
9727,6443,3
10872,9925,3
10262,8603,3
10213,5847,3
7747,4152,3
8579,3439,3
6095,4140,3
10539,8365,3
10816,8128,3
10670,9325,3
10260,8843,3
10117,9560,3
10410,7166,3
10400,8604,3
8922,3561,3
8371,3557,3
10351,5848,3
9199,3324,3
6713,4264,3
10055,8721,3
10151,5008,3
10546,7407,3
10044,10159,3
10743,8726,3
5680,4376,3
6715,4024,3
3947,5921,3
8441,3438,3
10813,8607,3
3883,5322,3
7751,3673,3
8097,3316,3
10747,8247,3
9990,8122,3
9054,4281,3
10475,7766,3
10541,8126,3
7130,3788,3
9974,10278,3
10482,6808,3
10808,9326,3
5610,4496,3
10144,5966,3
10346,6567,3
10008,5726,3
10877,9207,3
10278,6447,3
10616,7288,3
10067,7044,3
10264,8363,3
9838,10038,3
9673,4406,3
5265,4613,3
4367,4966,3
10199,7764,3
10407,7646,3
10412,6927,3
10658,11002,3
10013,5007,3
10253,9801,3
11020,8489,3
9774,9438,3
7752,3433,3
10684,7408,3
10527,10043,3
9671,4645,3
4988,4850,3
9605,4285,3
10461,9683,3
9532,4884,3
5331,4973,3
10083,4888,3
10077,5607,3
10457,10162,3
10417,6208,3
10523,10522,3
10386,10521,3
10551,6688,3
9915,8960,3
9391,5362,3
9927,7283,3
10257,9322,3
7405,3790,3
10888,7769,3
4990,4611,3
10949,8848,3
9767,10396,3
4847,5329,3
10801,10284,3
9256,4882,3
9905,10397,3
10353,5609,3
10686,7168,3
9866,6204,3
9806,5125,3
10081,5127,3
9331,4044,3
9126,3922,3
10679,8127,3
10337,7765,3
7890,3434,3
10280,6207,3
10053,8961,3
3952,5202,3
10874,9686,3
10525,10282,3
10890,7529,3
10879,8967,3
5955,4378,3
10184,9920,3
10822,7409,3
9396,4643,3
4709,5328,3
9978,9799,3
10074,6086,3
4575,4847,3
5472,4495,3
5953,4618,3
3881,5561,3
9701,10037,3
10131,7644,3
9947,4647,3
10459,9922,3
10595,10163,3
9769,10157,3
10323,9682,3
10884,8248,3
10110,10519,3
8167,3196,3
9563,10036,3
6370,4142,3
4503,5206,3
8718,3200,3
10586,11361,3
10248,10520,3
9804,5365,3
10675,8606,3
4022,5083,3
5744,4976,3
5399,5093,3
10951,8608,3
10084,4648,3
9265,3684,3
9534,4644,3
6438,4262,3
9490,10634,3
10421,5729,3
10454,10641,3
6710,4743,3
10809,9086,3
10119,9321,3
10138,6685,3
10530,9563,3
9262,4163,3
9906,10158,3
8854,3441,3
10259,9082,3
10673,8846,3
10287,5249,3
10754,7289,3
10072,6325,3
10593,10403,3
10591,10642,3
11019,8728,3
10485,6328,3
7123,4746,3
10954,8129,3
10876,9446,3
10320,10161,3
10147,5487,3
5540,4615,3
7960,3315,3
10210,6326,3
8305,3197,3
9981,9320,3
10180,10400,3
5471,4734,3
10473,8006,3
10398,8844,3
10602,9205,3
10396,9083,3
5817,4377,3
10133,7404,3
10666,9804,3
10537,8605,3
9741,4526,3
10402,8364,3
10076,5846,3
9603,4525,3
9772,9678,3
9607,4046,3
9913,9199,3
7266,4028,3
9627,10635,3
5537,5094,3
10079,5367,3
3949,5681,3
9469,4045,3
10128,8123,3
10672,9085,3
9695,10755,3
7407,3550,3
8988,3921,3
10389,10042,3
10219,5128,3
10246,10759,3
10818,7888,3
10668,9564,3
10607,8486,3
4226,5444,3
8022,4154,3
10252,10041,3
10663,10283,3
10634,4892,3
4643,4968,3
3879,5801,3
8028,3435,3
10341,7286,3
9537,4165,3
10046,9919,3
9668,5124,3
10614,7527,3
10752,7528,3
9600,5004,3
10734,9924,3
9941,5366,3
8511,3319,3
5743,5215,3
10006,5965,3
9872,5485,3
10680,7887,3
8992,3442,3
10543,7886,3
9401,3924,3
9626,10875,3
10041,10638,3
8096,3555,3
9917,8720,3
6855,3786,3
10455,10402,3
10192,8722,3
5605,5214,3
3834,2566,4
5629,11325,4
10611,8007,4
4623,7603,4
4001,7958,4
7442,8223,4
6215,6537,4
6696,6660,4
4139,7959,4
7712,8944,4
5582,8329,4
7796,6908,4
5728,7132,4
7383,6905,4
8003,6789,4
4695,7244,4
7707,9663,4
7370,8582,4
7728,6787,4
8195,8827,4
8535,9429,4
7492,10739,4
8137,7270,4
8064,7868,4
6140,7375,4
6668,10494,4
8407,7990,4
8477,7871,4
7926,7867,4
4073,7599,4
6154,5458,4
7594,6307,4
5992,8811,4
3656,8075,4
8270,7989,4
6888,8698,4
6555,7138,4
5587,7610,4
7292,9899,4
8127,8707,4
3931,8077,4
7048,5584,4
6903,6542,4
7583,7745,4
6752,8458,4
4831,7485,4
6971,6662,4
7843,9903,4
7991,8467,4
4412,8201,4
7316,6545,4
7628,10980,4
7447,7504,4
5383,7249,4
5533,5573,4
3862,8197,4
7433,9421,4
7510,8343,4
8071,6910,4
8066,7628,4
7520,6906,4
6490,6539,4
7112,6184,4
8052,9545,4
7872,5830,4
7653,7625,4
5725,7611,4
7165,8461,4
3937,7359,4
5314,7369,4
7633,10261,4
6419,6898,4
7637,9782,4
7145,11096,4
4486,7602,4
6391,10731,4
3652,8555,4
6497,5580,4
6947,10016,4
3515,8554,4
7932,7148,4
5795,7492,4
5793,7732,4
8631,5716,4
4414,7961,4
7041,6543,4
4069,8078,4
6940,10975,4
4983,5569,4
5932,7493,4
4275,8200,4
5727,7372,4
7013,10376,4
7776,9543,4
6145,6656,4
7646,8584,4
7029,8220,4
8068,7389,4
4967,7726,4
6621,7498,4
7363,9540,4
7780,9064,4
6902,6781,4
5448,7849,4
7989,8706,4
7179,6544,4
3722,8435,4
4554,7723,4
7635,10021,4
6269,8574,4
5864,7373,4
7919,8825,4
7297,9180,4
7430,9900,4
6136,7854,4
5807,5815,4
7590,6786,4
7912,9784,4
7245,6904,4
7081,10497,4
4207,8079,4
6637,5342,4
7580,8224,4
5911,10368,4
7588,7026,4
6596,10852,4
7365,9301,4
5662,6772,4
7491,10979,4
4346,7841,4
6342,7975,4
7787,8106,4
5321,6410,4
7642,9063,4
6767,6301,4
7717,8225,4
7105,7142,4
3790,8556,4
6771,5822,4
8277,7031,4
6213,6776,4
7785,8345,4
6612,8696,4
7529,5708,4
6766,6541,4
5659,7251,4
4611,9280,4
7715,8465,4
3930,8317,4
7639,9542,4
6466,9893,4
4834,7006,4
6006,6895,4
4827,7964,4
4141,7720,4
5836,11206,4
7592,6547,4
6074,7015,4
6072,7254,4
7864,7028,4
4550,8202,4
7175,7023,4
6358,5819,4
5596,6412,4
7573,9182,4
5104,7727,4
8341,7631,4
7578,8464,4
7933,6909,4
7421,11098,4
5101,8206,4
3449,8194,4
7937,6429,4
5169,8326,4
7431,9661,4
7320,6066,4
6872,10855,4
4968,7486,4
5593,6892,4
3516,8314,4
3377,8553,4
8069,7149,4
5103,7966,4
6002,7374,4
6387,11210,4
6142,7135,4
7708,9423,4
4637,5686,4
7721,7746,4
4555,7483,4
4761,7604,4
7231,8820,4
6764,6780,4
7168,7981,4
6560,6419,4
7836,10862,4
8625,6435,4
6188,10131,4
5174,7607,4
7916,9305,4
7792,7387,4
4833,7245,4
7996,7748,4
6875,10375,4
7789,7866,4
7220,10258,4
7651,7865,4
6626,6779,4
5571,9767,4
7790,7626,4
7247,6664,4
7501,9541,4
7452,6785,4
4597,11197,4
6739,10135,4
7077,10976,4
7360,10019,4
5380,7729,4
6769,6062,4
7524,6426,4
6973,6422,4
7921,8586,4
7505,9062,4
6800,11213,4
5099,8445,4
7850,8945,4
4759,7844,4
8134,7749,4
3452,7715,4
6832,6901,4
5796,7252,4
4620,8082,4
6480,7976,4
7714,8704,4
7229,9060,4
6260,9772,4
6401,9294,4
7571,9422,4
7294,9660,4
7217,10737,4
7426,10379,4
6834,6661,4
5934,7253,4
5868,6894,4
7428,10140,4
7384,6665,4
4214,7121,4
5941,6295,4
6278,7376,4
7506,8822,4
6563,5940,4
5453,7130,4
5732,6653,4
7994,7987,4
7644,8823,4
7287,10618,4
3654,8315,4
7084,10017,4
3996,8677,4
7724,7267,4
6281,6897,4
7656,7146,4
5317,6890,4
6624,7019,4
6664,10973,4
7858,7747,4
5657,7491,4
5382,7489,4
7585,7505,4
8336,8349,4
7295,9420,4
4691,7724,4
5172,7847,4
7489,11218,4
7356,10499,4
6900,7021,4
6762,7020,4
6389,10971,4
7848,9184,4
8340,7870,4
5936,7014,4
7039,6782,4
8001,7029,4
6804,10734,4
7522,6666,4
5931,7733,4
8062,8108,4
7445,7744,4
7173,7263,4
8055,9066,4
7104,7382,4
7722,7506,4
7851,8705,4
7043,6303,4
7308,7743,4
5798,7013,4
7444,7983,4
7526,6187,4
5870,6654,4
7766,10981,4
7076,11215,4
8685,7753,4
8603,9549,4
7456,6306,4
8129,8468,4
5246,7248,4
7909,10263,4
6835,6421,4
7111,6423,4
6211,7016,4
5242,7728,4
7454,6546,4
5938,6774,4
6548,8097,4
7574,8943,4
7660,6667,4
6353,6538,4
3998,8437,4
7151,10377,4
7147,10857,4
4965,7965,4
8343,7391,4
7107,6903,4
7649,8105,4
7376,7863,4
7290,10139,4
8266,8469,4
6708,4983,4
7626,11219,4
5307,8327,4
8000,7269,4
7313,7024,4
8744,9071,4
7862,7268,4
5589,7371,4
6870,11094,4
5721,8091,4
7839,10382,4
6135,8094,4
6392,10492,4
5036,7606,4
6283,6657,4
4690,7963,4
7090,9299,4
8132,7988,4
4899,7605,4
7860,7507,4
7567,9901,4
6802,10974,4
6349,7017,4
6143,6896,4
7655,7386,4
6699,6181,4
7519,7145,4
4405,9159,4
7498,10020,4
6070,7494,4
7764,11220,4
6828,7380,4
7166,8221,4
5035,7846,4
7238,7862,4
5570,10006,4
4901,7366,4
3999,8198,4
7703,10142,4
4484,7842,4
6338,8454,4
7315,6784,4
6347,7256,4
5038,7367,4
6285,6417,4
6820,8578,4
6556,6899,4
6698,6420,4
6694,6900,4
7797,6668,4
7109,6663,4
7180,6304,4
7499,9781,4
4683,8922,4
6551,7617,4
8130,8228,4
4615,8801,4
6077,6536,4
6968,7141,4
7648,8344,4
5050,5690,4
5997,8093,4
5451,7370,4
7285,10858,4
6525,11211,4
7016,9897,4
6558,6659,4
8202,7869,4
8268,8229,4
7503,9302,4
5519,7490,4
4137,8199,4
7930,7388,4
6975,6183,4
7855,8226,4
8197,8588,4
7701,10381,4
7045,6064,4
8143,6551,4
3584,8434,4
7569,9662,4
3375,8792,4
4758,8083,4
6420,6658,4
8136,7509,4
5176,7368,4
7248,6424,4
7386,6425,4
7288,10378,4
7009,10856,4
6943,10496,4
4208,7840,4
7374,8103,4
5312,7608,4
6183,10849,4
6426,5939,4
5528,6292,4
6732,11093,4
6837,6182,4
5866,7133,4
6265,9053,4
7576,8703,4
7857,7986,4
7283,11097,4
3588,7955,4
5859,8092,4
7318,6305,4
5532,5813,4
7496,10260,4
7243,7143,4
7222,10018,4
7726,7027,4
8059,8587,4
6530,10493,4
6687,7858,4
3447,8433,4
5920,9170,4
7782,8824,4
4697,7005,4
7783,8585,4
6692,7139,4
8624,6674,4
7018,9658,4
6738,10374,4
5730,6893,4
7215,10977,4
4482,8081,4
8061,8347,4
8198,8348,4
7116,5705,4
7034,7501,4
7512,8104,4
7865,6788,4
3799,7358,4
7658,6907,4
7440,8463,4
8205,7390,4
7935,6669,4
3379,8313,4
4897,7845,4
5518,7730,4
5310,7848,4
4981,5809,4
7353,10978,4
5106,7487,4
4118,10834,4
7079,10736,4
4269,8919,4
8286,5833,4
6488,6778,4
6750,8697,4
4552,7962,4
9711,8599,5
8390,10386,5
7494,10500,5
6980,5464,5
9166,7876,5
9999,6924,5
8665,10388,5
9640,8958,5
4841,6047,5
7531,5468,5
9026,8115,5
8324,10026,5
7187,5346,5
7259,4987,5
8209,6911,5
8699,5836,5
8287,5593,5
9028,7875,5
4838,6527,5
9854,7881,5
4766,6885,5
8611,8351,5
9432,9076,5
9039,6438,5
8334,8589,5
8669,9909,5
9366,8716,5
6567,5461,5
9858,7402,5
8054,9306,5
6424,6179,5
9162,8355,5
8627,6195,5
5247,7009,5
9565,9796,5
7252,5945,5
8109,11103,5
9706,9318,5
9593,5962,5
9849,8600,5
7461,5587,5
8897,6916,5
8889,8114,5
8265,8708,5
8531,9908,5
3867,7478,5
9368,8477,5
5734,6413,5
9099,7516,5
7184,5825,5
5115,6289,5
9228,8715,5
8289,5354,5
7194,4387,5
9046,5479,5
8597,10268,5
7813,4512,5
8608,8831,5
8775,4758,5
10065,7284,5
4280,7481,5
8547,7752,5
7177,6783,5
9037,6677,5
4836,6766,5
3870,6999,5
7972,11102,5
8150,5592,5
8742,9311,5
8887,8353,5
8896,7155,5
8252,10385,5
7255,5466,5
8808,9671,5
8693,6555,5
9296,8836,5
8944,9911,5
8599,10029,5
8226,4515,5
8279,6791,5
7874,5590,5
8359,5235,5
9094,8235,5
8465,9548,5
9042,5958,5
7602,5109,5
7114,5944,5
9722,7161,5
6492,6299,5
4489,7123,5
6635,5581,5
8749,8352,5
8960,7755,5
8155,4874,5
6909,5823,5
8958,7994,5
8545,7991,5
7630,10740,5
8151,5353,5
4763,7365,5
6363,5100,5
8807,9910,5
4491,6883,5
8460,10267,5
9793,6802,5
5322,6171,5
5460,6172,5
8158,4394,5
9169,7397,5
7805,5710,5
9361,9435,5
8636,4997,5
8191,9307,5
5666,6293,5
8538,8950,5
9521,6321,5
5877,5696,5
8078,5951,5
9574,8598,5
8014,5352,5
8904,5957,5
4205,8319,5
8528,10387,5
8425,5594,5
6218,6057,5
9173,6918,5
9159,8835,5
9638,9197,5
7254,5706,5
8882,9072,5
6290,5699,5
8559,6075,5
9025,8354,5
4144,7240,5
4146,7001,5
9777,8959,5
9446,7159,5
9431,9316,5
6351,6777,5
9282,10752,5
3450,7954,5
9987,8601,5
5390,6291,5
4355,6643,5
8622,6914,5
8817,8473,5
9117,5120,5
6082,5817,5
8760,6915,5
7458,6067,5
7738,5350,5
5181,6649,5
8552,7033,5
6152,5698,5
3727,7717,5
9251,5600,5
9298,8596,5
5113,6529,5
9235,7757,5
9164,8116,5
9103,7037,5
8801,10629,5
8219,5473,5
7878,5111,5
8216,5952,5
6220,5818,5
8557,6314,5
7558,11099,5
8188,9786,5
9176,6439,5
9084,9673,5
8955,8474,5
8409,7751,5
8218,5713,5
9453,6201,5
9459,5482,5
4419,7242,5
8664,10628,5
6422,6418,5
8671,9670,5
7984,9425,5
6075,6775,5
5179,6889,5
8493,5715,5
9178,6199,5
9704,9557,5
9636,9437,5
8971,6317,5
7046,5824,5
8953,8713,5
8254,10146,5
9089,8954,5
7250,6185,5
8347,6912,5
4487,7363,5
8050,9785,5
6982,5224,5
8871,10510,5
9577,8119,5
6356,6058,5
8747,8592,5
8828,7035,5
9303,7877,5
8482,7152,5
9385,6081,5
8812,9191,5
8732,10748,5
9101,7277,5
8207,7150,5
7325,5347,5
5458,6411,5
9032,7396,5
9792,7042,5
8526,10627,5
8695,6315,5
5117,6049,5
8965,7036,5
9030,7636,5
8985,4400,5
7463,5348,5
8012,5591,5
7663,6188,5
7564,10380,5
8179,10984,5
7769,10502,5
9568,9317,5
8200,8109,5
7801,6189,5
7904,10982,5
8190,9546,5
8814,8952,5
8422,6074,5
4561,6764,5
8392,10147,5
8753,7873,5
8826,7275,5
8275,7271,5
6562,6180,5
5945,5816,5
3591,7476,5
9087,9193,5
7323,5586,5
9790,7282,5
5249,6769,5
9189,4761,5
8395,9668,5
8903,6197,5
4142,7480,5
8148,5832,5
5800,6773,5
8318,10745,5
9427,9795,5
8458,10507,5
9582,7400,5
8707,4638,5
9180,5959,5
5521,7250,5
8740,9550,5
8746,8832,5
6705,5462,5
6703,5702,5
9239,7278,5
8479,7632,5
9702,9797,5
8385,11105,5
8355,5714,5
7424,10619,5
8348,6672,5
9167,7637,5
9420,10753,5
8463,9788,5
8420,6313,5
8115,10384,5
7562,10620,5
5871,6414,5
8322,10266,5
9108,6318,5
7667,5709,5
8667,10149,5
8594,10747,5
8892,7635,5
8111,10864,5
8256,9906,5
5385,7010,5
4636,5926,5
3938,7119,5
8488,6434,5
9631,10156,5
8139,7030,5
4155,5803,5
8536,9189,5
5186,5930,5
8969,6557,5
7050,5345,5
9797,6323,5
8415,7032,5
4629,6884,5
8833,6316,5
7979,10144,5
9363,9195,5
9033,7156,5
6907,6063,5
7560,10860,5
8951,8953,5
9009,10511,5
8885,8593,5
7771,10262,5
8461,10028,5
8800,10869,5
9586,6921,5
8411,7511,5
8296,4395,5
4074,7360,5
9934,6324,5
7918,9065,5
7710,9183,5
8815,8712,5
6084,5577,5
8942,10151,5
8767,5956,5
7599,5588,5
8533,9669,5
3658,7836,5
9077,10631,5
5111,6768,5
9863,6683,5
8429,5115,5
8249,10865,5
8291,5114,5
4423,6763,5
8690,7034,5
8901,6437,5
9859,7162,5
9422,10514,5
10198,8004,5
6631,6061,5
8118,9905,5
4979,6048,5
8618,7393,5
4078,6880,5
8772,5238,5
6086,5338,5
8878,9551,5
8352,6193,5
8606,9070,5
5878,5456,5
8043,10743,5
3795,7837,5
4282,7241,5
9783,8240,5
5598,6173,5
8869,10749,5
8454,10986,5
8500,4756,5
8939,10630,5
8113,10624,5
8144,6311,5
6841,5703,5
6011,6176,5
7459,5827,5
5043,6648,5
7876,5351,5
7946,5231,5
4908,6407,5
8486,6673,5
9502,8957,5
9284,10513,5
8456,10746,5
8475,8111,5
4083,6162,5
4765,7125,5
7423,10859,5
9509,7998,5
6916,4865,5
8181,10744,5
8010,5831,5
8400,8949,5
7322,5826,5
8193,9067,5
6295,4980,5
9232,8236,5
8402,8709,5
9445,7399,5
9096,7995,5
9314,6440,5
7587,7266,5
8416,6792,5
6435,4741,5
8489,6194,5
6150,5937,5
5040,7127,5
8876,9791,5
8875,10031,5
3797,7597,5
7806,5470,5
8894,7395,5
8554,6793,5
8284,6073,5
8704,5117,5
8883,8833,5
9234,7996,5
8186,10025,5
9561,10275,5
8325,9787,5
6227,4859,5
8524,10867,5
3454,7475,5
8247,11104,5
4974,6767,5
8146,6072,5
9098,7756,5
9629,10395,5
9364,8956,5
8697,6076,5
8615,7872,5
8357,5474,5
7388,6186,5
7911,10023,5
9788,7521,5
8073,6670,5
8639,4518,5
9460,5243,5
8957,8234,5
8678,8711,5
6844,5223,5
5118,5810,5
8345,7151,5
8620,7153,5
8543,8231,5
8683,7992,5
8610,8591,5
5741,5455,5
8899,6676,5
8470,8830,5
9643,8479,5
6147,6416,5
8184,10265,5
8082,5472,5
9852,8121,5
8674,9190,5
5943,6055,5
6776,5103,5
7670,5229,5
8604,9310,5
7527,5947,5
6848,4744,5
8007,6310,5
3586,8195,6
9357,9914,6
4008,7000,6
8941,10390,6
3733,6998,6
9305,7638,6
5600,5933,6
4428,6044,6
9091,8714,6
4353,6882,6
9307,7398,6
7367,9061,6
9157,9074,6
9023,8594,6
9105,6797,6
4566,6045,6
10522,10761,6
4568,5806,6
10056,8482,6
7700,10621,6
8259,9427,6
6013,5936,6
5873,6175,6
9973,10518,6
4216,6881,6
8388,10626,6
9664,5603,6
6773,5582,6
7907,10503,6
9356,10154,6
7853,8466,6
4904,6887,6
10339,7525,6
9497,9676,6
9213,10872,6
8676,8951,6
9718,7641,6
9354,10393,6
9584,7160,6
9035,6917,6
9992,7882,6
9439,8118,6
4357,6403,6
9724,6922,6
10930,11483,6
9375,7518,6
9216,10392,6
10135,7164,6
8601,9789,6
8868,10989,6
9350,10873,6
9085,9433,6
6081,6056,6
10945,9327,6
8047,10264,6
9452,6441,6
10942,9806,6
9642,8718,6
4080,6641,6
8263,8948,6
7358,10259,6
8805,10150,6
10311,11359,6
11072,10765,6
9434,8837,6
9302,8117,6
8737,10030,6
11081,9567,6
9378,7039,6
9500,9196,6
9581,7640,6
10409,7406,6
8948,9432,6
7975,10623,6
9717,7880,6
8692,6794,6
9799,6084,6
8824,7514,6
9971,10757,6
9800,5844,6
7980,9904,6
7640,9303,6
4698,6765,6
7986,9185,6
5802,6534,6
9425,10035,6
10518,11241,6
9146,10512,6
9016,9552,6
8706,4878,6
9380,6799,6
10058,8242,6
8672,9430,6
5258,5571,6
9429,9555,6
8730,10988,6
6598,10613,6
9837,10277,6
5739,5695,6
7186,5585,6
9949,4408,6
9851,8360,6
9007,10750,6
9352,10633,6
9462,5003,6
9520,6561,6
9504,8717,6
9708,9078,6
10335,8005,6
9770,9917,6
8821,7993,6
8331,9068,6
10588,11121,6
9776,9198,6
7846,9424,6
9931,6804,6
4700,6526,6
7669,5469,6
9443,7639,6
8950,9192,6
10048,9680,6
9635,9677,6
9697,10516,6
9021,8834,6
8662,10868,6
9078,10391,6
10590,10882,6
9019,9073,6
9516,7040,6
8120,9666,6
9784,8000,6
8329,9308,6
9763,10876,6
8542,8471,6
11078,10047,6
5253,6290,6
10201,7524,6
10069,6805,6
10727,10883,6
8632,5476,6
9729,6203,6
4219,6402,6
5389,6531,6
8761,6675,6
4970,7246,6
4625,7364,6
8592,10987,6
4149,6522,6
9654,7041,6
4076,7120,6
4494,6404,6
9493,10155,6
4902,7126,6
9289,9794,6
9840,9798,6
4212,7361,6
8261,9187,6
9012,10032,6
9731,5963,6
9288,10034,6
9255,5121,6
4350,7362,6
9153,9553,6
8735,10269,6
9844,9319,6
8733,10509,6
5737,5934,6
9514,7280,6
9709,8839,6
6633,5821,6
8803,10389,6
9286,10273,6
8258,9667,6
9373,7758,6
9652,7281,6
9835,10517,6
9924,7762,6
10266,8124,6
9920,8241,6
9610,3566,6
7977,10383,6
9312,6679,6
10940,10046,6
5110,7008,6
4351,7122,6
4426,6284,6
9861,6923,6
7391,5707,6
9595,5723,6
9845,9079,6
8529,10148,6
7841,10143,6
9528,5363,6
9659,6322,6
9633,9916,6
9080,10152,6
7696,11100,6
4289,6283,6
8754,7634,6
8751,8113,6
8393,9907,6
7982,9665,6
8472,8590,6
9152,9793,6
4287,6523,6
6286,6178,6
8116,10145,6
5601,5694,6
4773,5927,6
9579,7879,6
9591,6202,6
8045,10504,6
9997,7163,6
9317,5960,6
7844,9664,6
11212,10527,6
9765,10636,6
10799,10524,6
4622,7843,6
9092,8475,6
11013,9447,6
7565,10141,6
9588,6681,6
9436,8597,6
7390,5946,6
8250,10625,6
8183,10505,6
5525,6771,6
9155,9314,6
8540,8710,6
9214,10632,6
5378,7968,6
9221,9674,6
8910,5239,6
7768,10741,6
8972,6078,6
10566,4771,6
9237,7517,6
9570,9077,6
10070,6565,6
10205,7045,6
8397,9428,6
8810,9431,6
8041,10983,6
9187,5001,6
9725,6682,6
9242,6798,6
5950,5097,6
3661,7357,6
9160,8595,6
9856,7642,6
9293,9315,6
8468,9069,6
9513,7519,6
8829,6795,6
10448,11360,6
9384,6320,6
9244,6559,6
10334,8244,6
10729,10643,6
5535,5334,6
10384,10760,6
8967,6796,6
10380,11240,6
10245,10999,6
9779,8719,6
4283,7002,6
4559,7004,6
4977,6288,6
3801,7118,6
6429,5460,6
6217,6297,6
10062,7763,6
9936,6085,6
8681,8232,6
9715,8120,6
9908,9918,6
9732,5724,6
10452,10881,6
9010,10271,6
4909,6168,6
7613,3672,6
9424,10274,6
6978,5704,6
9994,7643,6
8327,9547,6
8964,7276,6
4425,6524,6
10450,11120,6
7914,9544,6
8418,6553,6
8404,8470,6
7837,10622,6
9933,6564,6
10191,8962,6
10267,7884,6
10140,6446,6
8057,8826,6
7008,11095,6
4557,7243,6
9657,6562,6
4010,6760,6
9223,9434,6
9227,8955,6
7973,10863,6
9114,5599,6
9145,10751,6
4564,6285,6
8399,9188,6
9382,6560,6
7698,10861,6
9736,5245,6
2718,4474,6
9295,9075,6
6494,6060,6
9359,9675,6
4081,6401,6
8822,7754,6
8556,6554,6
7987,8946,6
9492,10394,6
9310,6919,6
9589,6442,6
6811,9776,6
9300,8356,6
9720,7401,6
9448,6920,6
9596,5483,6
8123,9186,6
6734,10853,6
3529,6637,6
4772,6167,6
9926,7522,6
9309,7158,6
9220,9913,6
6009,6415,6
10004,6205,6
9518,6800,6
4562,6525,6
9572,8838,6
8782,3800,6
9230,8476,6
9017,9313,6
8596,10508,6
9919,8481,6
9291,9554,6
10016,4528,6
4421,7003,6
9143,10991,6
9523,6082,6
9441,7878,6
9148,10272,6
8679,8472,6
9082,9912,6
9194,4043,6
8467,9309,6
9174,6678,6
9495,9915,6
9511,7759,6
10060,8003,6
7189,5106,6
9450,6680,6
8320,10506,6
10196,8243,6
9656,6801,6
9241,7038,6
8962,7515,6
9190,4522,6
8937,10870,6
4210,7600,6
8332,8829,6
3471,5079,6
7905,10742,6
7533,5228,6
7632,10501,6
9734,5484,6
7397,4988,6
9983,9080,6
5326,5692,6
8819,8233,6
9575,8358,6
10423,5489,6
3665,6877,6
8946,9672,6
10520,11001,6
3945,6161,6
4768,6646,6
4151,6282,6
9246,6319,6
9649,7760,6
8873,10270,6
9319,5721,6
4630,6645,6
8613,8112,6
9171,7157,6
9150,10033,6
9225,9194,6
4704,6046,6
10271,7405,6
9813,4167,6
8739,9790,6
9377,7279,6
9650,7520,6
5042,6888,6
8048,10024,6
9833,10756,6
8386,10866,6
4693,7484,6
8880,9312,6
10314,10880,6
9218,10153,6
8141,6790,7
7472,4150,7
8641,4278,7
9182,5720,7
7332,4388,7
9525,5842,7
7944,5471,7
9014,9792,7
8906,5718,7
9044,5719,7
9647,7999,7
9663,5843,7
5948,5337,7
9115,5360,7
3808,6160,7
7662,6427,7
8354,5953,7
8890,7874,7
7127,4267,7
5671,5574,7
7597,5828,7
8474,8350,7
8301,3677,7
8221,5234,7
3593,7236,7
7055,4626,7
8406,8230,7
8076,6191,7
5394,5812,7
7735,5829,7
6565,5701,7
8768,5717,7
7871,6070,7
7581,7984,7
8498,4996,7
9506,8478,7
8765,6196,7
7954,4033,7
7808,5230,7
6849,4505,7
9121,4641,7
9183,5480,7
9258,4642,7
9713,8359,7
6914,5104,7
6014,5697,7
9389,5601,7
8361,4995,7
7327,5107,7
8702,5357,7
6912,5344,7
7676,4511,7
7942,5711,7
7869,6309,7
8430,4876,7
7264,4268,7
6089,4858,7
8087,4753,7
8090,4274,7
8481,7392,7
8629,5955,7
7182,6065,7
8831,6556,7
6846,4984,7
7672,4990,7
7536,4749,7
8495,5475,7
9786,7761,7
8573,4158,7
9527,5602,7
3659,7596,7
8021,4393,7
7465,5108,7
9457,5722,7
8566,5116,7
3527,6876,7
8563,5595,7
6984,4985,7
8504,4277,7
9119,4881,7
8491,5954,7
6985,4745,7
5675,5095,7
7810,4991,7
3525,7116,7
4005,7479,7
8005,6550,7
8774,4998,7
8366,4276,7
8017,4873,7
9387,5841,7
7812,4751,7
8549,7512,7
7883,4392,7
7601,5349,7
5668,6053,7
7742,4871,7
8840,5358,7
7733,6069,7
7595,6068,7
8561,5835,7
8688,7274,7
3869,7238,7
8225,4754,7
8413,7272,7
9438,8357,7
5946,5576,7
5047,6169,7
9047,5240,7
8362,4755,7
7395,5227,7
8434,4396,7
9110,6079,7
5319,6650,7
9321,5481,7
7393,5467,7
8317,10985,7
7466,4869,7
8015,5112,7
8294,4635,7
8427,5355,7
8083,5233,7
9185,5241,7
3944,6400,7
6921,4146,7
9326,4762,7
7053,4866,7
8272,7750,7
6433,4981,7
8617,7633,7
4217,6642,7
8298,4156,7
6361,5340,7
8836,5837,7
7404,4029,7
8981,4880,7
8845,4639,7
6839,5942,7
3663,7117,7
9802,5605,7
8842,5118,7
5329,5212,7
3872,6759,7
5455,6891,7
7819,3793,7
9248,6080,7
8211,6671,7
8497,5236,7
8008,6071,7
8911,4999,7
8350,6433,7
8075,6430,7
4006,7239,7
7834,11101,7
8293,4875,7
8432,4636,7
7867,6549,7
8484,6913,7
8502,4517,7
8300,3916,7
8214,6192,7
7737,5589,7
8280,6552,7
7730,6548,7
6288,5938,7
5183,6409,7
8019,4633,7
8223,4994,7
8770,5477,7
9370,8237,7
7606,4630,7
8550,7273,7
6570,4982,7
8080,5712,7
4972,7007,7
6016,5457,7
8763,6436,7
9075,10871,7
8204,7629,7
9371,7997,7
8983,4640,7
7121,4986,7
8423,5834,7
5387,6770,7
3802,6878,7
9316,6200,7
8282,6312,7
8564,5356,7
8368,4037,7
6427,5700,7
9049,5000,7
6222,5578,7
9040,6198,7
7731,6308,7
7665,5948,7
8835,6077,7
4913,5689,7
8843,4879,7
7803,5949,7
8700,5596,7
4634,6166,7
3731,7237,7
8756,7394,7
8085,4993,7
8212,6432,7
8979,5119,7
8568,4877,7
3935,7598,7
4003,7719,7
7947,4992,7
7534,4989,7
7928,7627,7
5530,6052,7
8634,5237,7
6898,7261,7
7940,5950,7
3522,7595,7
7745,4391,7
7674,4750,7
7740,5110,7
7949,4752,7
8570,4637,7
9107,6558,7
3738,6279,7
6781,4384,7
6020,4978,7
7879,4872,7
9253,5361,7
8777,4519,7
3874,6520,7
6917,4625,7
8153,5113,7
9507,8238,7
6504,4622,7
8364,4516,7
7939,6190,7
6706,5222,7
7118,5465,7
